City_ID,City,Country,Latitude,Longtude,Max Temp,Humidity,Percent Cloudiness,Wind Speed,Weather description
0,Punta Arenas,CL,-53.15,-70.9167,41.11,81,20,25.32,few clouds
1,Esperance,AU,-33.8667,121.9,80.44,60,11,17.31,few clouds
2,Hermanus,ZA,-34.4187,19.2345,59.67,62,60,10.74,broken clouds
3,Hasaki,JP,35.7333,140.8333,73.8,67,11,5.97,few clouds
4,Namibe,AO,-15.1961,12.1522,70.0,81,99,7.43,overcast clouds
5,Port Alfred,ZA,-33.5906,26.891,65.95,85,100,26.69,light rain
6,Axim,GH,4.8699,-2.2405,76.03,85,100,6.78,overcast clouds
7,Busselton,AU,-33.65,115.3333,78.85,54,64,6.76,broken clouds
8,Mataura,NZ,-46.1927,168.8643,65.48,51,67,7.4,broken clouds
9,Avarua,CK,-21.2078,-159.775,82.45,78,99,6.91,overcast clouds
10,Bambous Virieux,MU,-20.3428,57.7575,81.21,89,75,8.05,light rain
11,Yerofey Pavlovich,RU,53.9667,121.9667,16.7,86,100,9.46,light snow
12,Nikolskoye,RU,59.7035,30.7861,32.88,97,100,3.09,overcast clouds
13,Canberra,AU,-35.2835,149.1281,78.53,47,75,6.91,broken clouds
14,New Norfolk,AU,-42.7826,147.0587,62.1,65,100,1.99,overcast clouds
15,Lumeje,AO,-11.55,20.7833,62.2,93,89,5.03,overcast clouds
16,Bluff,NZ,-46.6,168.3333,65.8,73,72,8.39,broken clouds
17,Port Elizabeth,ZA,-33.918,25.5701,61.09,88,20,18.41,light rain
18,Arco,IT,45.9177,10.8867,44.19,62,36,0.87,scattered clouds
19,San Patricio,US,28.017,-97.5169,64.26,76,85,9.44,overcast clouds
20,Yellowknife,CA,62.456,-114.3525,-10.68,70,0,4.61,clear sky
21,Bay Roberts,CA,47.5999,-53.2648,26.33,52,68,18.01,broken clouds
22,Faanui,PF,-16.4833,-151.75,82.0,73,80,12.33,broken clouds
23,Sitka,US,57.0531,-135.33,44.49,53,100,17.27,overcast clouds
24,Mogzon,RU,51.7435,111.9606,15.37,59,92,2.71,overcast clouds
25,Rikitea,PF,-23.1203,-134.9692,80.49,71,70,14.36,broken clouds
26,Carnarvon,AU,-24.8667,113.6333,84.27,48,0,13.8,clear sky
27,Atuona,PF,-9.8,-139.0333,79.03,74,100,14.94,overcast clouds
28,Cayenne,GF,4.9333,-52.3333,74.08,1,75,3.44,heavy intensity rain
29,Sao Felix Do Xingu,BR,-6.6447,-51.995,71.6,99,84,1.52,broken clouds
30,Ostrovnoy,RU,68.0531,39.5131,26.08,86,100,5.08,overcast clouds
31,Port Hardy,CA,50.6996,-127.4199,46.58,81,100,8.05,light intensity shower rain
32,Puerto Boyaca,CO,5.9758,-74.5885,73.09,97,90,1.01,overcast clouds
33,Bathsheba,BB,13.2167,-59.5167,77.61,73,75,23.02,broken clouds
34,Jamestown,US,42.097,-79.2353,34.72,49,100,15.01,overcast clouds
35,Belmonte,BR,-15.8631,-38.8828,77.7,86,94,4.79,overcast clouds
36,Albany,US,42.6001,-73.9662,26.76,69,41,6.02,scattered clouds
37,Kavieng,PG,-2.5744,150.7967,85.8,64,9,12.82,clear sky
38,Vaini,TO,-21.2,-175.2,82.35,70,4,1.77,clear sky
39,Glenwood Springs,US,39.5505,-107.3248,38.21,93,100,8.05,overcast clouds
40,Chokurdakh,RU,70.6333,147.9167,-3.91,86,100,5.48,overcast clouds
41,Butaritari,KI,3.0707,172.7902,81.68,74,4,18.39,clear sky
42,Puerto Ayora,EC,-0.7393,-90.3518,76.55,97,38,1.01,scattered clouds
43,Torrington,US,41.8007,-73.1212,28.04,67,52,3.0,broken clouds
44,Margate,GB,51.3813,1.3862,46.31,92,65,1.01,broken clouds
45,Hilo,US,19.7297,-155.09,78.53,73,100,11.5,overcast clouds
46,Bredasdorp,ZA,-34.5322,20.0403,54.57,72,50,5.14,scattered clouds
47,Mar Del Plata,AR,-38.0023,-57.5575,64.09,92,1,4.0,clear sky
48,Nongpoh,IN,25.9,91.8833,74.77,17,40,3.4,scattered clouds
49,Rafaela,AR,-31.2503,-61.4867,61.0,77,14,6.29,few clouds
50,Inuvik,CA,68.3499,-133.7218,-1.44,63,75,8.05,broken clouds
51,Puerto Baquerizo Moreno,EC,-0.9,-89.6,79.48,74,34,3.89,scattered clouds
52,Havoysund,NO,70.9963,24.6622,36.93,76,99,12.44,overcast clouds
53,Kapaa,US,22.0752,-159.319,80.58,70,20,10.36,few clouds
54,San Rafael,AR,-34.6177,-68.3301,68.43,44,0,5.95,clear sky
55,Oktyabrskoye,RU,43.0645,44.7417,23.14,100,79,2.24,broken clouds
56,Rio De Janeiro,BR,-22.9028,-43.2075,79.0,83,40,3.44,scattered clouds
57,Provideniya,RU,64.3833,-173.3,21.31,53,0,8.95,clear sky
58,Fatsa,TR,41.0278,37.5014,35.4,83,100,7.74,overcast clouds
59,Castro,BR,-24.7911,-50.0119,63.19,98,100,2.98,light rain
60,Babushkin,RU,51.7122,105.8647,13.19,89,100,6.87,light snow
61,Ust-Charyshskaya Pristan,RU,52.3934,83.6635,10.17,79,83,3.4,broken clouds
62,Bandiagara,ML,14.3501,-3.6104,80.13,19,90,6.15,overcast clouds
63,Buala,SB,-8.145,159.5921,84.96,69,86,3.76,overcast clouds
64,Bethel,US,41.3712,-73.414,29.75,72,20,5.75,few clouds
65,Lakatoro,VU,-16.0999,167.4164,85.15,70,41,8.75,scattered clouds
66,Airai,TL,-8.9266,125.4092,75.22,62,58,1.39,light rain
67,Mercedes,AR,-34.6515,-59.4307,61.03,52,0,6.35,clear sky
68,Namatanai,PG,-3.6667,152.4333,85.3,59,71,8.99,broken clouds
69,Kahului,US,20.8947,-156.47,82.42,64,40,11.5,scattered clouds
70,San Jeronimo,PE,-11.9472,-75.2829,46.24,91,98,2.3,overcast clouds
71,Hazorasp,UZ,41.3194,61.0742,37.24,42,100,14.36,overcast clouds
72,Shimanovsk,RU,52.0,127.7,26.47,66,47,3.8,scattered clouds
73,Suntar,RU,62.1444,117.6319,5.61,81,100,6.26,overcast clouds
74,Kudahuvadhoo,MV,2.6708,72.8944,82.8,66,97,3.24,overcast clouds
75,Hithadhoo,MV,-0.6,73.0833,83.01,70,98,3.85,overcast clouds
76,Puerto Palomas,MX,31.7667,-107.6167,59.9,14,0,16.44,clear sky
77,Launceston,AU,-41.45,147.1667,71.24,61,100,19.57,moderate rain
78,Vila Franca Do Campo,PT,37.7167,-25.4333,56.19,65,90,14.97,overcast clouds
79,Mahebourg,MU,-20.4081,57.7,81.25,89,75,8.05,broken clouds
80,Ushuaia,AR,-54.8,-68.3,38.86,81,100,14.97,moderate rain
81,Georgetown,MY,5.4112,100.3354,87.73,82,20,4.61,few clouds
82,Isangel,VU,-19.55,169.2667,86.11,79,58,3.44,broken clouds
83,Lompoc,US,34.6391,-120.4579,53.94,81,0,13.8,clear sky
84,Tiksi,RU,71.6872,128.8694,-14.19,97,98,1.88,overcast clouds
85,Verkhniy Landekh,RU,56.8389,42.5994,16.03,96,36,6.24,scattered clouds
86,San Quintin,MX,30.4833,-115.95,57.18,85,0,15.21,clear sky
87,General Jose Eduvigis Diaz,PY,-27.1667,-58.4167,66.09,64,0,6.4,clear sky
88,Guasdualito,VE,7.2424,-70.7324,79.9,71,100,3.47,overcast clouds
89,Mount Isa,AU,-20.7333,139.5,98.37,32,0,10.36,clear sky
90,Mendi,PG,-6.1761,143.6513,67.73,84,77,2.48,broken clouds
91,Morro Bay,US,35.3658,-120.8499,57.58,84,32,8.23,scattered clouds
92,Luderitz,NA,-26.6481,15.1594,60.96,69,0,27.45,clear sky
93,Sisophon,KH,13.5859,102.9737,94.53,44,94,4.76,overcast clouds
94,Vila Do Maio,CV,15.1333,-23.2167,68.79,78,0,23.04,clear sky
95,Saldanha,ZA,-33.0117,17.9442,51.85,66,93,15.75,overcast clouds
96,Morki,RU,56.4303,48.9947,17.37,98,99,2.91,overcast clouds
97,Hobart,AU,-42.8794,147.3294,62.46,89,75,11.5,broken clouds
98,Barrow,US,71.2906,-156.7887,1.42,78,40,11.5,scattered clouds
99,Lexington,US,37.9887,-84.4777,42.69,51,0,8.05,clear sky
100,Lasa,IT,46.6166,10.7002,31.08,85,50,2.51,scattered clouds
101,Tuktoyaktuk,CA,69.4541,-133.0374,-7.6,77,75,12.66,broken clouds
102,Bacolod,PH,10.6667,122.95,86.38,70,53,7.02,broken clouds
103,Vilhena,BR,-12.7406,-60.1458,68.72,99,100,2.75,moderate rain
104,Manono,CD,-7.3,27.4167,67.41,94,100,1.68,overcast clouds
105,Tahoua,NE,14.8888,5.2692,71.89,13,43,12.59,scattered clouds
106,Flinders,AU,-34.5833,150.8552,77.18,70,46,3.0,light rain
107,San Andres,CO,12.5847,-81.7006,80.62,78,20,12.66,few clouds
108,Rockport,US,28.0206,-97.0544,64.42,85,100,5.75,overcast clouds
109,Saskylakh,RU,71.9167,114.0833,-7.58,95,93,3.33,overcast clouds
110,Kavaratti,IN,10.5669,72.642,83.25,70,23,5.73,few clouds
111,Kabanjahe,ID,3.1001,98.4908,75.02,75,42,1.83,scattered clouds
112,Gazanjyk,TM,39.2446,55.5154,46.42,48,100,6.6,overcast clouds
113,Koutsouras,GR,35.0339,25.9469,44.11,62,14,18.77,few clouds
114,Polonne,UA,50.1242,27.5109,26.83,78,12,1.97,few clouds
115,Porbandar,IN,21.6422,69.6093,76.98,53,3,0.0,clear sky
116,Te Anau,NZ,-45.4167,167.7167,71.11,44,27,3.89,scattered clouds
117,Hami,CN,42.8,93.45,58.51,26,100,3.69,overcast clouds
118,Kieta,PG,-6.2167,155.6333,84.33,65,82,3.98,broken clouds
119,Riviere-Au-Renard,CA,48.9957,-64.3971,5.29,76,17,15.48,few clouds
120,Sioux Lookout,CA,50.1001,-91.917,6.87,85,20,4.61,few clouds
121,Maroantsetra,MG,-15.4333,49.7333,75.24,90,93,1.23,light rain
122,Crotone,IT,39.0851,17.1178,42.19,74,17,6.2,few clouds
123,Roma,US,43.2128,-75.4557,29.82,73,100,3.44,overcast clouds
124,Alofi,NU,-19.0595,-169.9187,80.49,83,11,5.75,few clouds
125,Magan,ES,39.9683,-3.931,54.32,61,100,17.74,overcast clouds
126,Kon Tum,VN,14.35,108.0,93.94,28,39,3.4,scattered clouds
127,Hovd,MN,48.0056,91.6419,40.17,27,0,22.84,clear sky
128,Manaus,BR,-3.1019,-60.025,75.69,94,75,5.75,light rain
129,Belyy Yar,RU,53.6039,91.3903,10.29,52,0,13.42,clear sky
130,Shelburne,CA,44.0787,-80.2041,27.12,87,90,14.14,overcast clouds
131,Nanakuli,US,21.3906,-158.1547,82.35,59,100,17.27,overcast clouds
132,Husavik,IS,66.0449,-17.3389,20.95,75,13,15.43,few clouds
133,Cairns,AU,-16.9167,145.7667,82.06,97,75,9.22,moderate rain
134,Vao,NC,-22.6667,167.4833,79.75,79,65,14.56,broken clouds
135,Road Town,VG,18.4167,-64.6167,75.99,77,0,24.79,clear sky
136,Kaitangata,NZ,-46.2817,169.8464,61.07,74,36,7.61,scattered clouds
137,Pedasi,PA,7.5333,-80.0333,76.06,84,2,15.66,clear sky
138,Longyearbyen,SJ,78.2186,15.6401,37.24,70,75,19.57,broken clouds
139,Bandarbeyla,SO,9.4942,50.8122,78.91,66,92,15.99,overcast clouds
140,Torbay,CA,47.6666,-52.7314,25.57,60,20,32.21,few clouds
141,East London,ZA,-33.0153,27.9116,63.54,94,75,17.27,light rain
142,Ponta Do Sol,PT,32.6667,-17.1,53.06,76,84,24.58,broken clouds
143,Beipiao,CN,41.7919,120.7792,36.93,65,97,18.37,overcast clouds
144,Saint-Philippe,RE,-21.3585,55.7679,74.79,85,100,12.53,light rain
145,Bartica,GY,6.4,-58.6167,75.52,99,66,2.53,broken clouds
146,Dunedin,NZ,-45.8742,170.5036,63.7,67,45,4.38,scattered clouds
147,Freeport,US,40.6576,-73.5832,33.19,67,100,8.05,overcast clouds
148,San Mateo Del Mar,MX,16.2,-95.0,73.49,72,1,32.32,clear sky
149,Mmathubudukwane,BW,-24.6,26.4333,65.59,56,73,5.95,broken clouds
150,Vanavara,RU,60.34,102.2797,-2.07,87,99,3.38,overcast clouds
151,Arraial Do Cabo,BR,-22.9661,-42.0278,76.71,91,7,15.39,clear sky
152,Cape Town,ZA,-33.9258,18.4232,59.41,66,40,6.91,scattered clouds
153,Kulhudhuffushi,MV,6.6221,73.07,82.33,72,33,8.43,scattered clouds
154,Geraldton,AU,-28.7667,114.6,81.01,54,18,12.66,few clouds
155,Atambua,ID,-9.1061,124.8925,83.19,72,77,3.2,broken clouds
156,Bidar,IN,17.9,77.55,86.9,14,3,7.52,clear sky
157,Novyy Urengoy,RU,66.0833,76.6333,-3.93,98,93,5.99,overcast clouds
158,Kaset Sombun,TH,16.2805,101.9542,97.65,27,55,4.7,broken clouds
159,Dudinka,RU,69.4058,86.1778,-3.39,95,100,11.36,overcast clouds
160,Yerbogachen,RU,61.2767,108.0108,-2.02,87,99,3.49,overcast clouds
161,Jumla,NP,29.2747,82.1838,65.03,15,7,2.44,clear sky
162,Junction City,US,39.0286,-96.8314,55.26,32,0,11.5,clear sky
163,Caravelas,BR,-17.7125,-39.2481,76.93,86,100,4.65,overcast clouds
164,Meulaboh,ID,4.1363,96.1285,84.51,70,48,1.28,scattered clouds
165,Silver City,US,32.7701,-108.2803,51.67,21,0,15.99,clear sky
166,Saint George,US,37.1041,-113.5841,61.39,18,0,7.0,clear sky
167,Saint Marys,US,30.7305,-81.5465,53.02,86,0,4.61,clear sky
168,Revda,RU,56.801,59.9303,4.59,95,99,2.13,overcast clouds
169,Omsukchan,RU,62.5333,155.8,5.14,89,63,3.49,broken clouds
170,Ust-Kulom,RU,61.6864,53.6902,13.12,96,99,5.99,overcast clouds
171,Lebu,CL,-37.6167,-73.65,56.01,87,1,16.06,clear sky
172,Puerto Ayacucho,VE,5.6639,-67.6236,74.91,92,100,3.96,overcast clouds
173,Riga,LV,57.0,24.0833,19.47,100,0,1.14,clear sky
174,Thompson,CA,55.7435,-97.8558,1.56,60,20,11.5,few clouds
175,Kruisfontein,ZA,-34.0033,24.7314,57.88,76,100,18.72,overcast clouds
176,Barstow,US,34.8986,-117.0228,61.79,36,49,19.62,scattered clouds
177,Riyadh,SA,24.6877,46.7219,57.34,47,2,5.99,clear sky
178,Marsa Matruh,EG,31.3525,27.2453,50.2,53,40,11.5,scattered clouds
179,Verkhnyaya Inta,RU,65.9811,60.3094,-0.24,93,17,2.24,few clouds
180,Rawson,AR,-43.3002,-65.1023,61.02,52,33,3.02,scattered clouds
181,Moju,BR,-1.8839,-48.7689,73.09,96,100,4.94,light rain
182,Melfi,IT,40.9965,15.6514,27.5,76,0,2.71,clear sky
183,Ha Tinh,VN,18.3333,105.9,80.44,67,63,3.83,broken clouds
184,Dondo,MZ,-19.6094,34.7431,76.51,97,10,1.83,clear sky
185,San Cristobal,VE,7.7669,-72.225,69.98,96,100,1.57,overcast clouds
186,Juneau,US,58.3019,-134.4197,33.8,90,100,5.75,overcast clouds
187,Salta,AR,-24.7859,-65.4117,61.57,87,75,3.44,broken clouds
188,Lagoa,PT,39.05,-27.9833,55.11,62,82,8.12,broken clouds
189,Talnakh,RU,69.4865,88.3972,-3.8,93,100,8.05,overcast clouds
190,Richards Bay,ZA,-28.783,32.0377,70.66,94,4,5.41,clear sky
191,Dzhebariki-Khaya,RU,62.2167,135.8,9.64,87,100,1.7,overcast clouds
192,Dakar,SN,14.6937,-17.4441,67.08,88,0,13.8,clear sky
193,Golden Gate,US,26.1879,-81.6951,64.38,68,0,9.22,clear sky
194,Tibiri,NE,13.5627,7.0485,69.15,14,87,10.51,overcast clouds
195,Avera,US,33.194,-82.5271,36.55,39,2,5.53,clear sky
196,Lima,PE,-12.0432,-77.0282,70.39,65,20,8.05,few clouds
197,Praya,CV,14.9215,-23.5087,68.54,77,20,26.46,few clouds
198,Sechura,PE,-5.5569,-80.8222,77.22,70,85,8.79,overcast clouds
199,Port Hawkesbury,CA,45.6169,-61.3485,24.19,65,75,20.71,broken clouds
200,Price,US,39.5994,-110.8107,39.11,69,0,5.75,clear sky
201,Tuatapere,NZ,-46.1333,167.6833,62.55,68,85,9.51,overcast clouds
202,Cherskiy,RU,68.75,161.3,-5.24,93,98,4.88,overcast clouds
203,Diego De Almagro,CL,-26.3667,-70.05,64.87,50,0,1.66,clear sky
204,Fartura,BR,-23.3883,-49.51,69.28,97,100,1.21,light rain
205,Maningrida,AU,-12.0667,134.2667,82.69,77,99,13.42,light rain
206,Bengkulu,ID,-3.8004,102.2655,84.31,67,100,7.78,overcast clouds
207,Naze,JP,28.3667,129.4833,72.52,77,11,3.94,few clouds
208,Dubovskoye,RU,47.4092,42.7575,21.38,88,64,3.31,broken clouds
209,Shenjiamen,CN,29.9576,122.298,60.75,86,92,6.46,overcast clouds
210,Kitimat,CA,54.0524,-128.6534,38.91,29,100,1.48,light rain
211,Sandviken,SE,60.6167,16.7667,22.69,85,13,3.67,few clouds
212,High Level,CA,58.5169,-117.136,-7.49,71,20,0.0,few clouds
213,Beldanga,IN,23.9333,88.25,89.58,19,8,7.92,clear sky
214,Kiomboi,TZ,-4.2667,34.3667,59.04,92,46,3.31,light rain
215,Yaan,NG,7.3833,8.5667,81.05,50,32,3.58,scattered clouds
216,Colares,PT,38.7992,-9.4469,53.33,76,29,13.0,scattered clouds
217,Angoche,MZ,-16.2325,39.9086,76.55,91,100,7.94,overcast clouds
218,Lumphat,KH,13.4878,106.9816,97.23,32,34,3.53,scattered clouds
219,Chapais,CA,49.7834,-74.8492,4.78,99,99,2.77,overcast clouds
220,Deputatskiy,RU,69.3,139.9,-7.47,95,100,2.46,overcast clouds
221,Abilene,US,32.4487,-99.7331,56.77,30,0,13.8,clear sky
222,Tokur,RU,53.1333,132.9,18.81,72,100,3.33,overcast clouds
223,Preston,GB,53.7667,-2.7167,42.85,92,7,4.63,clear sky
224,Dikson,RU,73.5069,80.5464,-3.23,97,100,15.97,light snow
225,Faya,SA,18.3851,42.4509,55.51,77,9,0.63,clear sky
226,Waipawa,NZ,-41.4122,175.5153,58.95,64,100,7.34,overcast clouds
227,Novyye Gorki,RU,56.7253,41.0601,20.14,94,16,6.64,few clouds
228,Ziro,IN,27.6333,93.8333,57.94,29,0,0.65,clear sky
229,Bilibino,RU,68.0546,166.4372,3.34,84,80,2.15,broken clouds
230,San Francisco,US,37.7749,-122.4194,55.31,75,75,14.97,broken clouds
231,Berdigestyakh,RU,62.0989,126.6992,4.71,82,100,6.38,overcast clouds
232,Kodiak,US,57.79,-152.4072,38.71,87,100,13.8,overcast clouds
233,Tevriz,RU,57.509,72.4042,4.77,91,65,6.42,broken clouds
234,Chimoio,MZ,-19.1164,33.4833,67.86,100,75,2.33,broken clouds
235,Qaanaaq,GL,77.484,-69.3632,-8.72,100,100,1.83,overcast clouds
236,Port Blair,IN,11.6667,92.75,87.84,66,20,6.91,haze
237,Grand-Bourg,GP,15.8835,-61.3148,73.35,74,93,24.11,overcast clouds
238,Heihe,CN,50.2441,127.4902,28.98,87,100,4.54,overcast clouds
239,Lavrentiya,RU,65.5833,-171.0,4.96,79,0,4.5,clear sky
240,Portland,US,45.5234,-122.6762,49.53,88,100,5.99,overcast clouds
241,Clyde River,CA,70.4692,-68.5914,-9.17,84,100,31.07,heavy snow
242,Teguldet,RU,57.3064,88.1667,5.41,84,15,5.5,few clouds
243,Madang,PG,-5.2246,145.7966,86.65,62,45,7.4,scattered clouds
244,Ilulissat,GL,69.2167,-51.1,5.02,72,40,5.75,scattered clouds
245,The Pas,CA,53.8251,-101.2541,12.22,73,100,10.36,overcast clouds
246,Phuket,TH,8.0,98.25,88.02,70,20,8.05,few clouds
247,Vila Velha,BR,-20.3297,-40.2925,76.95,92,20,3.44,few clouds
248,Chumikan,RU,54.7183,135.315,24.01,78,66,10.96,broken clouds
249,Vardo,NO,70.3705,31.1107,32.85,90,83,9.62,broken clouds
250,Hervey Bay,AU,-25.2986,152.8535,80.02,59,40,8.01,scattered clouds
251,Moradabad,IN,28.8333,78.7833,80.2,30,0,1.21,clear sky
252,Guerrero Negro,MX,27.9769,-114.0611,59.09,80,2,16.04,clear sky
253,Pekalongan,ID,-6.8886,109.6753,93.02,71,63,4.21,broken clouds
254,Muros,ES,42.7762,-9.0603,44.83,94,100,7.43,overcast clouds
255,Ambulu,ID,-8.345,113.6058,86.92,67,99,3.53,overcast clouds
256,Koumac,NC,-20.5667,164.2833,83.64,72,82,2.95,broken clouds
257,Ati,TD,13.2154,18.3353,72.63,16,87,9.78,overcast clouds
258,Hualmay,PE,-11.0964,-77.6139,72.54,79,100,8.14,overcast clouds
259,Saint-Leu,RE,-21.15,55.2833,78.31,77,64,1.3,light rain
260,Harper,LR,4.375,-7.7169,79.05,85,93,5.86,overcast clouds
261,Nabire,ID,-3.3667,135.4833,84.94,73,99,4.9,overcast clouds
262,Ancud,CL,-41.8697,-73.8203,52.23,90,85,4.05,overcast clouds
263,Lahat,ID,-3.8,103.5333,83.52,71,97,2.62,overcast clouds
264,Touros,BR,-5.1989,-35.4608,79.11,83,90,6.55,overcast clouds
265,Bol,TD,13.4586,14.7147,74.17,37,49,15.32,scattered clouds
266,Severo-Kurilsk,RU,50.6789,156.125,30.43,81,97,7.38,light snow
267,Nago,JP,26.5881,127.9761,76.05,67,88,0.96,overcast clouds
268,Mareeba,AU,-17.0,145.4333,77.43,88,100,5.28,light rain
269,Poyarkovo,RU,49.6,128.6833,24.39,82,100,5.97,overcast clouds
270,Tasiilaq,GL,65.6145,-37.6368,28.67,96,100,29.59,snow
271,Priargunsk,RU,50.3691,119.1012,24.49,67,99,7.58,overcast clouds
272,Kariapatti,IN,9.6751,78.0999,84.72,39,20,5.75,few clouds
273,Marabba,SD,12.35,32.1833,73.29,14,97,13.73,overcast clouds
274,Pevek,RU,69.7008,170.3133,-10.32,96,97,3.31,overcast clouds
275,Sinjar,IQ,36.3209,41.8754,43.0,72,100,2.64,overcast clouds
276,Oxapampa,PE,-10.5775,-75.4017,56.01,97,96,3.09,overcast clouds
277,Wabrzezno,PL,53.2799,18.9477,29.01,83,3,9.95,clear sky
278,Kaeo,NZ,-35.1,173.7833,71.4,70,30,6.76,scattered clouds
279,Khatanga,RU,71.9667,102.5,-1.46,94,100,11.52,light snow
280,Yanam,IN,16.7333,82.2167,92.66,28,76,1.54,broken clouds
281,Pasighat,IN,28.0667,95.3333,89.04,23,0,3.91,clear sky
282,Ayan,RU,56.45,138.1667,19.87,74,100,4.27,overcast clouds
283,Victoria,HK,22.2855,114.1577,82.94,76,37,5.99,scattered clouds
284,Fukue,JP,32.6881,128.8419,66.56,94,75,8.05,broken clouds
285,Biaora,IN,23.8667,76.9167,86.16,20,0,6.51,clear sky
286,Diu,IN,20.7141,70.9822,87.21,29,4,4.56,clear sky
287,Port Hueneme,US,34.1478,-119.1951,62.26,82,0,5.75,clear sky
288,Kuching,MY,1.55,110.3333,89.82,66,40,3.44,scattered clouds
289,Superior,US,46.7208,-92.1041,29.37,57,0,6.91,clear sky
290,Luebo,CD,-5.35,21.4167,66.6,98,99,1.45,overcast clouds
291,Cabo San Lucas,MX,22.8909,-109.9124,69.51,62,97,6.38,overcast clouds
292,Barcelos,PT,41.5388,-8.6151,50.68,89,85,6.87,overcast clouds
293,Rio Grande,BR,-32.035,-52.0986,68.11,75,94,4.25,overcast clouds
294,Sistranda,NO,63.7256,8.834,40.96,70,100,10.76,overcast clouds
295,Goderich,CA,43.7501,-81.7165,32.92,80,100,6.91,overcast clouds
296,Antalaha,MG,-14.9003,50.2788,76.17,84,88,4.9,overcast clouds
297,Marovoay,MG,-16.1,46.6333,74.88,83,100,4.52,overcast clouds
298,Henties Bay,NA,-22.116,14.2845,62.58,86,98,10.25,overcast clouds
299,Ribeira Grande,PT,38.5167,-28.7,55.98,63,99,7.36,overcast clouds
300,Bokoro,TD,12.3807,17.0568,73.6,17,78,10.71,broken clouds
301,Qinzhou,CN,21.95,108.6167,80.69,58,34,8.46,scattered clouds
302,Fairbanks,US,64.8378,-147.7164,12.16,48,0,3.44,haze
303,Fare,PF,-16.7,-151.0167,82.06,72,35,11.86,scattered clouds
304,Ambon,ID,-3.6954,128.1814,86.14,74,40,3.44,scattered clouds
305,Rehoboth,NA,-23.3167,17.0833,60.87,83,100,7.47,overcast clouds
306,Nouadhibou,MR,20.931,-17.0347,62.58,77,43,23.02,sand
307,Sao Filipe,CV,14.8961,-24.4956,70.66,73,0,18.59,clear sky
308,Almaznyy,RU,48.0448,40.045,20.59,73,59,6.44,broken clouds
309,Boende,CD,-0.2167,20.8667,69.89,93,100,2.71,overcast clouds
310,Oussouye,SN,12.485,-16.5469,69.98,57,25,5.12,scattered clouds
311,Vangaindrano,MG,-23.35,47.6,75.87,86,88,4.14,light rain
312,Tema,GH,5.667,-0.0166,81.01,83,20,8.05,few clouds
313,Prenzlau,DE,53.3167,13.8667,39.22,68,0,8.7,clear sky
314,Thunder Bay,CA,48.4001,-89.3168,21.18,63,100,9.22,overcast clouds
315,Koryukivka,UA,51.7688,32.2481,26.55,85,19,5.91,few clouds
316,Fortuna,US,40.5982,-124.1573,50.34,80,0,0.0,clear sky
317,Yar-Sale,RU,66.8333,70.8333,1.33,100,100,7.4,overcast clouds
318,Fort Nelson,CA,58.8053,-122.7002,-0.81,78,75,0.0,light snow
319,Abu Dhabi,AE,24.4667,54.3667,74.97,87,0,3.0,clear sky
320,Nandgaon,IN,20.3167,74.65,86.59,12,5,2.51,clear sky
321,Alice Springs,AU,-23.7,133.8833,96.35,11,5,10.36,clear sky
322,San Jose,US,37.3394,-121.895,57.07,56,75,8.05,broken clouds
323,Cockburn Town,TC,21.4612,-71.1419,77.76,79,0,17.22,clear sky
324,Iqaluit,CA,63.7506,-68.5145,-23.31,74,20,15.01,few clouds
325,Bud,US,39.447,-86.1758,44.58,73,0,10.29,clear sky
326,Newport,GB,51.5877,-2.9984,43.61,91,72,6.58,broken clouds
327,Fernie,CA,49.5,-115.0687,41.2,99,100,6.08,overcast clouds
328,Gorom-Gorom,BF,14.4439,-0.2361,79.11,19,91,9.66,overcast clouds
329,Souillac,MU,-20.5167,57.5167,79.18,89,75,8.05,light rain
330,Kaseda,JP,31.4167,130.3167,69.37,72,48,7.72,scattered clouds
331,Karsiyang,IN,26.8825,88.2773,74.61,21,0,4.29,clear sky
332,Chivilcoy,AR,-34.8957,-60.0167,64.02,10,0,1.99,clear sky
333,Chuy,UY,-33.6971,-53.4616,58.75,88,0,3.49,clear sky
334,Khuzdar,PK,27.7384,66.6434,74.68,33,1,4.52,clear sky
335,San Carlos,VE,9.6612,-68.5827,73.69,77,47,3.47,scattered clouds
336,Waingapu,ID,-9.6567,120.2641,86.74,70,28,8.37,scattered clouds
337,Eureka,US,40.8021,-124.1637,50.74,80,100,4.97,overcast clouds
338,Hofn,IS,64.2539,-15.2082,34.03,48,22,6.93,few clouds
339,Hobyo,SO,5.3505,48.5268,80.02,66,61,17.45,broken clouds
340,Pombas,CV,17.1503,-25.0201,65.98,78,22,14.36,few clouds
341,Galle,LK,6.0367,80.217,83.7,71,78,0.87,broken clouds
342,Krasnoselkup,RU,65.7,82.4667,-2.56,97,100,8.41,overcast clouds
343,Mali,GN,12.079,-12.2982,61.45,51,88,4.29,overcast clouds
344,Egvekinot,RU,66.3167,-179.1667,5.99,70,1,7.09,clear sky
345,Lorengau,PG,-2.0226,147.2712,86.58,66,53,8.86,broken clouds
346,Necochea,AR,-38.5473,-58.7368,57.61,90,0,8.08,clear sky
347,Mayo,US,38.8876,-76.5119,39.97,66,75,5.75,broken clouds
348,Svetlaya,RU,46.5389,138.3297,33.31,84,98,4.88,overcast clouds
349,Santo Antonio Do Taua,BR,-1.1519,-48.1294,76.95,99,100,2.71,overcast clouds
350,Udachnyy,RU,66.4167,112.4,-6.56,76,98,4.12,overcast clouds
351,Tambura,SS,5.6,27.4667,72.86,68,100,3.67,overcast clouds
352,De-Kastri,RU,51.4667,140.7833,27.0,89,90,3.18,overcast clouds
353,Aldan,RU,58.6031,125.3894,9.12,73,100,4.45,overcast clouds
354,Wilmington Island,US,32.0036,-80.9737,44.98,78,0,0.0,clear sky
355,Havre-Saint-Pierre,CA,50.2334,-63.5986,17.6,61,0,13.8,clear sky
356,Beloha,MG,-25.1667,45.05,73.11,74,67,8.81,broken clouds
357,Biak,ID,-0.9131,122.8766,84.13,67,71,1.41,broken clouds
358,Port Macquarie,AU,-31.4333,152.9167,75.88,64,23,11.12,few clouds
359,Kalemie,CD,-5.9475,29.1947,69.3,85,100,3.15,overcast clouds
360,Huangnihe,CN,43.5583,128.0239,32.14,97,100,6.71,light snow
361,Cotonou,BJ,6.3654,2.4183,80.58,89,40,4.61,scattered clouds
362,Nome,US,64.5011,-165.4064,26.67,28,0,18.41,clear sky
363,Samarai,PG,-10.6167,150.6667,85.86,69,75,15.08,broken clouds
364,Tarrafal,CV,15.2833,-23.7667,68.79,78,10,20.2,clear sky
365,Linxi,CN,39.7,118.4333,59.14,22,0,15.5,clear sky
366,Gorontalo,ID,0.5412,123.0595,90.32,62,46,2.77,scattered clouds
367,Yashalta,RU,46.3395,42.2762,24.19,66,6,3.09,clear sky
368,Ledyard,US,41.4398,-72.0142,30.15,68,0,12.66,clear sky
369,Laterza,IT,40.6295,16.7997,41.25,100,0,1.14,clear sky
370,Katsuura,JP,35.1333,140.3,67.51,67,9,18.5,clear sky
371,Xichang,CN,27.8964,102.2634,75.36,38,1,3.13,clear sky
372,Vryheid,ZA,-27.7695,30.7917,61.18,75,30,1.32,scattered clouds
373,Moerai,PF,-22.4333,-151.3333,78.33,81,100,11.95,moderate rain
374,Teahupoo,PF,-17.8333,-149.2667,78.76,73,76,8.57,broken clouds
375,Seoul,KR,37.5683,126.9778,56.8,82,100,20.71,mist
376,Codrington,AU,-38.2667,141.9667,70.92,73,100,16.13,overcast clouds
377,Gobabis,NA,-22.45,18.9667,61.66,89,98,10.58,overcast clouds
378,Aksay,RU,47.26,39.87,29.25,39,10,4.0,clear sky
379,Tezu,IN,27.9167,96.1667,91.98,13,0,4.7,clear sky
380,Ixtapa,MX,20.7,-105.2,70.23,85,1,1.86,clear sky
381,Khani,GE,41.9563,42.9566,26.17,77,100,2.01,overcast clouds
382,Beringovskiy,RU,63.05,179.3167,4.87,85,2,6.08,clear sky
383,Sinnamary,GF,5.3833,-52.95,75.79,94,100,12.26,heavy intensity rain
384,Tautira,PF,-17.7333,-149.15,81.05,74,76,8.05,broken clouds
385,Samfya,ZM,-11.3649,29.5565,63.43,94,100,4.09,overcast clouds
386,Itaporanga,BR,-7.3044,-38.1503,73.74,82,86,4.05,overcast clouds
387,Emmett,US,43.8735,-116.4993,49.17,56,88,5.99,overcast clouds
388,Kyren,RU,51.6828,102.1408,9.93,84,100,2.8,overcast clouds
389,Mokhotlong,LS,-29.2894,29.0675,52.48,84,47,3.18,scattered clouds
390,Jiuquan,CN,39.7432,98.5174,59.2,22,96,1.7,overcast clouds
391,Vostok,RU,46.4856,135.8833,31.15,81,100,2.21,overcast clouds
392,Kalmunai,LK,7.4167,81.8167,82.67,72,58,11.5,broken clouds
393,Mikkeli,FI,61.6886,27.2723,10.51,92,0,3.44,clear sky
394,Southbridge,US,42.0751,-72.0334,28.6,63,37,1.99,scattered clouds
395,Luanda,AO,-8.8368,13.2343,77.25,83,100,6.24,overcast clouds
396,Asau,RO,46.4333,26.4,27.52,94,56,3.36,broken clouds
397,Aljezur,PT,37.3191,-8.8033,49.55,79,100,5.26,overcast clouds
398,Yelatma,RU,54.9675,41.7508,28.31,92,100,8.68,overcast clouds
399,Cidreira,BR,-30.1811,-50.2056,70.14,86,100,9.64,overcast clouds
400,Marystown,CA,47.1666,-55.1483,22.86,100,96,15.01,overcast clouds
401,Zwedru,LR,6.0667,-8.1281,73.31,99,99,2.1,overcast clouds
402,Tyup,KG,42.7276,78.3648,40.73,92,100,3.15,overcast clouds
403,Shaunavon,CA,49.6501,-108.4181,29.98,98,93,4.7,overcast clouds
404,Maloy,NO,61.9353,5.1136,46.13,62,99,9.04,overcast clouds
405,Nyurba,RU,63.2842,118.3319,0.93,84,100,4.83,overcast clouds
406,Saint-Augustin,CA,51.226,-58.6502,7.14,72,100,19.08,overcast clouds
407,Concordia,AR,-31.393,-58.0209,59.79,88,23,4.43,few clouds
408,Usmajac,MX,19.8667,-103.5667,58.46,46,0,2.01,clear sky
409,Pacific Grove,US,36.6177,-121.9166,57.24,86,0,4.61,clear sky
410,Eregli,TR,37.5133,34.0467,11.7,78,15,5.19,few clouds
411,Estelle,US,29.8458,-90.1067,52.0,74,0,6.91,clear sky
412,Aksarka,RU,66.5606,67.7975,0.48,100,99,8.23,overcast clouds
413,Houma,US,29.5958,-90.7195,52.0,84,6,3.0,clear sky
414,Mugur-Aksy,RU,50.35,90.5,23.85,67,40,8.32,scattered clouds
415,Praia,CV,14.9215,-23.5087,68.54,77,20,26.46,few clouds
416,Pemangkat,ID,1.1667,108.9667,84.78,63,97,6.8,overcast clouds
417,Hirna,ET,9.2167,41.1,61.54,48,64,0.81,broken clouds
418,Ayagoz,KZ,47.9714,80.4392,30.0,96,100,12.46,snow
419,Matara,LK,5.9485,80.5353,84.51,68,79,2.26,broken clouds
420,Turka,UA,49.1541,23.0297,21.24,94,5,4.0,clear sky
421,Boa Vista,BR,2.8197,-60.6733,84.18,61,20,4.61,few clouds
422,Barao De Melgaco,BR,-16.1944,-55.9675,73.69,95,91,2.82,overcast clouds
423,Kajaani,FI,64.2273,27.7285,10.45,92,0,4.61,clear sky
424,Kasempa,ZM,-13.4584,25.8338,63.23,98,100,2.68,light rain
425,Pierre,US,44.3683,-100.351,43.05,62,100,18.01,overcast clouds
426,Evensk,RU,61.95,159.2333,18.79,81,0,1.54,clear sky
427,Twentynine Palms,US,34.1356,-116.0542,66.13,20,5,5.01,clear sky
428,Sampit,ID,-2.5333,112.95,91.98,53,76,0.69,broken clouds
429,Joao Pinheiro,BR,-17.7425,-46.1725,66.65,92,82,2.59,broken clouds
430,Tona,ES,41.8464,2.2251,49.14,94,100,5.79,overcast clouds
431,Quatre Cocos,MU,-20.2078,57.7625,82.09,82,100,11.99,light rain
432,Nuuk,GL,64.1835,-51.7216,9.21,85,100,12.66,light shower snow
433,Taoudenni,ML,22.6783,-3.9836,70.81,11,0,4.09,clear sky
434,Rocha,UY,-34.4833,-54.3333,55.89,94,2,4.34,clear sky
435,Svecha,RU,58.2785,47.5164,18.93,95,99,7.61,overcast clouds
436,Hamilton,US,39.1834,-84.5333,45.23,59,0,10.36,clear sky
437,Asyut,EG,27.181,31.1837,44.78,54,0,14.25,clear sky
438,Cap Malheureux,MU,-19.9842,57.6142,82.47,80,100,7.0,overcast clouds
439,Norman Wells,CA,65.282,-126.8329,-11.16,58,20,3.44,few clouds
440,Atar,MR,20.5169,-13.0499,66.76,26,3,9.19,clear sky
441,Chuzhou,CN,32.3219,118.2978,73.18,62,60,15.03,broken clouds
442,Upernavik,GL,72.7868,-56.1549,-12.05,99,98,15.5,overcast clouds
443,Hirara,JP,24.8,125.2833,76.86,73,40,8.05,scattered clouds
444,Mehamn,NO,71.0357,27.8492,35.55,80,0,12.66,clear sky
445,Kaolinovo,BG,43.6167,27.1167,27.32,94,29,4.63,scattered clouds
446,Callaway,US,30.153,-85.5699,48.9,78,0,5.75,clear sky
447,Sortavala,RU,61.7053,30.6918,31.93,99,100,1.14,overcast clouds
448,Pangnirtung,CA,66.1451,-65.7125,-28.3,90,17,5.35,few clouds
449,Trelleborg,SE,55.3751,13.1569,39.15,78,1,16.42,clear sky
450,Ponta Delgada,PT,37.7333,-25.6667,56.5,66,75,5.75,broken clouds
451,Moultrie,US,31.1799,-83.7891,42.82,81,0,0.0,clear sky
452,Duartina,BR,-22.4144,-49.4039,73.04,98,100,1.45,moderate rain
453,Kloulklubed,PW,7.0419,134.2556,83.5,78,35,13.51,scattered clouds
454,Liyang,CN,29.7057,118.2862,81.88,53,70,2.48,broken clouds
455,Tilichiki,RU,60.4667,166.1,14.16,76,0,6.15,clear sky
456,Marienburg,PL,54.0359,19.0266,32.58,85,2,6.58,clear sky
457,The Valley,AI,18.217,-63.0578,76.82,77,4,24.34,clear sky
458,Xining,CN,36.6167,101.7667,48.79,31,16,1.63,few clouds
459,Izhma,RU,65.0083,53.9113,6.98,98,62,3.44,broken clouds
460,Uyemskiy,RU,64.4743,40.8524,24.85,80,100,6.71,overcast clouds
461,Bikaner,IN,28.0167,73.3,89.19,17,0,7.61,clear sky
462,Kalaleh,IR,37.3807,55.4916,46.0,100,100,13.8,mist
463,Kaberamaido,UG,1.7389,33.1594,70.02,67,100,2.75,overcast clouds
464,Iskateley,RU,67.6803,53.1512,-8.32,100,99,1.99,overcast clouds
465,Ilembo,TZ,-9.25,33.3833,53.91,88,100,2.82,overcast clouds
466,Rock Sound,BS,24.9,-76.2,72.5,79,100,23.17,overcast clouds
467,Komsomolskiy,UZ,40.4272,71.7189,50.72,93,75,0.0,mist
468,Mitu,CO,1.1983,-70.1733,70.47,99,99,1.23,overcast clouds
469,Anloga,GH,5.7947,0.8973,81.46,80,62,10.69,broken clouds
470,Sredniy Ikorets,RU,51.0675,39.7584,13.35,95,99,9.53,overcast clouds
471,Waw,SS,7.7029,27.9953,76.84,24,95,3.96,overcast clouds
472,Doha,QA,25.2867,51.5333,69.78,85,20,2.3,haze
473,Christchurch,NZ,-43.5333,172.6333,67.41,57,12,14.97,few clouds
474,Grindavik,IS,63.8424,-22.4338,37.87,70,75,25.32,broken clouds
475,Calabozo,VE,8.9242,-67.4293,79.3,58,92,8.55,overcast clouds
476,Chipinge,ZW,-20.1883,32.6236,60.48,86,2,2.51,clear sky
477,Saint-Pierre,RE,-21.3393,55.4781,78.91,88,100,9.22,light rain
478,Comodoro Rivadavia,AR,-45.8667,-67.5,64.26,36,0,12.66,clear sky
479,Cabedelo,BR,-6.9811,-34.8339,77.67,79,93,8.9,overcast clouds
480,Eyl,SO,7.9803,49.8164,76.69,72,68,12.84,broken clouds
481,Kissidougou,GN,9.1848,-10.0999,71.74,86,87,3.31,overcast clouds
482,Shiraz,IR,29.6036,52.5388,53.04,54,75,4.61,broken clouds
483,Labuhan,ID,-6.8844,112.2051,85.42,72,97,2.82,overcast clouds
484,Klaksvik,FO,62.2266,-6.589,45.52,94,52,14.09,broken clouds
485,Baiyin,CN,36.5583,104.2081,55.63,24,0,13.11,clear sky
486,Tocopilla,CL,-22.092,-70.1979,69.08,77,17,2.24,few clouds
487,Sao Jose Da Coroa Grande,BR,-8.8978,-35.1478,78.62,83,93,5.28,overcast clouds
488,Yeppoon,AU,-23.1333,150.7333,83.98,61,100,19.28,overcast clouds
489,Canico,PT,32.6333,-16.85,53.06,80,75,23.02,broken clouds
490,Ambunti,PG,-4.2365,142.8448,91.62,53,63,3.11,broken clouds
491,Sao Joao Da Barra,BR,-21.6403,-41.0511,77.31,87,1,12.35,clear sky
492,Kyabe,TD,9.4515,18.9449,80.65,32,16,5.53,few clouds
493,Sayyan,YE,15.1718,44.3244,54.57,32,54,2.68,broken clouds
494,Constitucion,CL,-35.3333,-72.4167,60.49,71,0,3.02,clear sky
495,Strezhevoy,RU,60.7333,77.5889,4.26,95,100,2.71,overcast clouds
496,Coihaique,CL,-45.5752,-72.0662,53.55,71,0,10.36,clear sky
497,Zeerust,ZA,-25.5369,26.0751,64.49,62,79,4.59,broken clouds
498,Gashua,NG,12.871,11.0482,69.28,14,61,9.8,broken clouds
499,Lira,UG,2.235,32.9097,66.36,74,94,2.95,overcast clouds
500,Agogo,GH,6.8,-1.0819,69.4,93,94,2.53,overcast clouds
501,De Aar,ZA,-30.6497,24.0123,59.22,80,100,3.06,overcast clouds
502,Biloxi,US,30.396,-88.8853,48.24,64,0,6.91,clear sky
503,Veraval,IN,20.9,70.3667,85.19,36,3,6.67,clear sky
504,Cabot,US,34.9745,-92.0165,50.05,54,0,6.91,clear sky
505,Perth,AU,-31.9333,115.8333,83.01,56,20,9.22,few clouds
506,Castanos,MX,26.7833,-101.4167,55.72,37,15,6.55,few clouds
507,Pak Thong Chai,TH,14.7226,102.0251,95.76,33,50,5.91,scattered clouds
508,Gospic,HR,44.5461,15.3747,22.69,90,4,1.66,clear sky
509,Khromtau,KZ,50.2503,58.4347,3.65,95,99,3.24,overcast clouds
510,Itarema,BR,-2.9248,-39.9167,77.27,85,98,5.66,overcast clouds
511,Hohhot,CN,40.8106,111.6522,46.69,31,2,4.47,clear sky
512,Huaiyuan,CN,32.973,117.1995,74.08,40,53,15.05,broken clouds
513,Tromso,NO,69.6496,18.957,34.38,80,0,3.44,clear sky
514,Kutum,SD,14.2,24.6667,60.53,21,10,7.02,clear sky
515,Northam,GB,51.0333,-4.2167,41.61,93,66,5.23,broken clouds
516,Ozernovskiy,RU,51.5,156.5167,29.89,92,76,5.99,broken clouds
517,Salalah,OM,17.0151,54.0924,71.69,37,0,4.61,clear sky
518,Minggang,CN,32.4586,114.0486,71.53,43,100,15.68,overcast clouds
519,Waitati,NZ,-45.75,170.5667,65.43,63,46,5.53,scattered clouds
520,Preobrazheniye,RU,42.9019,133.9064,35.2,82,86,8.9,overcast clouds
521,Pinega,RU,64.7001,43.3936,13.03,97,100,5.57,overcast clouds
522,Damghan,IR,36.1683,54.348,51.82,47,0,7.76,clear sky
523,Jinchang,CN,38.4953,102.1739,62.53,17,27,7.14,scattered clouds
524,Tirumullaivasal,IN,11.2333,79.8333,83.53,60,50,9.75,scattered clouds
525,Coquimbo,CL,-29.9533,-71.3436,60.53,100,100,5.75,overcast clouds
526,Linqiong,CN,30.4159,103.4609,75.02,48,93,4.38,overcast clouds
527,Wajima,JP,37.4,136.9,48.88,93,75,5.75,mist
528,Liwale,TZ,-9.7667,37.9333,67.8,98,100,2.91,overcast clouds
529,Olafsvik,IS,64.8945,-23.7142,38.08,79,100,29.75,overcast clouds
530,Arman,RU,59.7,150.1667,23.02,61,100,1.57,overcast clouds
531,Puerto Escondido,MX,15.85,-97.0667,77.34,76,0,5.14,clear sky
532,Sikasso,ML,10.9167,-7.0,79.0,16,80,4.5,broken clouds
533,Brae,GB,60.3964,-1.353,45.88,89,100,23.62,overcast clouds
534,Astaneh-Ye Ashrafiyeh,IR,37.2596,49.9444,46.33,92,100,3.8,overcast clouds
535,Gilgit,PK,35.9221,74.3087,52.7,52,99,2.17,overcast clouds
536,Coahuayana,MX,18.7333,-103.6833,68.56,88,0,3.27,clear sky
537,Sovetskiy,RU,61.3614,63.5842,5.52,94,100,6.55,overcast clouds
538,Aklavik,CA,68.2191,-135.0107,-5.17,90,100,6.13,overcast clouds
539,Tashara,RU,55.5195,83.5094,6.1,79,12,12.41,few clouds
540,Buena Vista,US,43.4203,-83.8986,31.06,76,0,6.91,clear sky
541,Acapulco,MX,16.8634,-99.8901,76.12,74,0,4.07,clear sky
542,Ailigandi,PA,9.2333,-78.0167,78.76,86,56,11.99,broken clouds
543,Biedenkopf,DE,50.9167,8.5333,43.21,84,100,5.73,overcast clouds
544,Aloleng,PH,16.1307,119.7824,83.86,69,13,10.63,few clouds
545,Sarti,GR,40.1,23.9833,41.18,62,53,5.55,broken clouds
546,Tura,IN,25.5198,90.2201,90.28,15,4,3.91,clear sky
547,Wakkanai,JP,45.4094,141.6739,31.98,80,75,16.11,broken clouds
548,Ugoofaaru,MV,5.6667,73.0,82.54,74,86,7.07,overcast clouds
549,Lazarev,RU,52.225,141.5131,17.29,93,90,3.11,overcast clouds
550,Imbituba,BR,-28.24,-48.6703,69.82,94,100,2.66,overcast clouds
551,Nantucket,US,41.2835,-70.0995,37.51,60,100,25.32,overcast clouds
552,Tingo Maria,PE,-9.2895,-76.0088,66.43,98,92,1.32,overcast clouds
553,Tabory,RU,58.5198,64.5495,8.67,89,94,6.17,overcast clouds
554,Umea,SE,63.8284,20.2597,13.93,92,0,1.14,clear sky
555,Chandur Bazar,IN,21.2417,77.7456,87.96,10,0,5.68,clear sky
556,Narsaq,GL,60.9167,-46.05,27.43,80,100,4.54,snow
557,Rudbar,AF,30.15,62.6,76.5,35,60,5.95,broken clouds
558,Salinopolis,BR,-0.6136,-47.3561,77.07,90,100,2.91,overcast clouds
559,Baykit,RU,61.67,96.37,1.02,88,91,1.54,overcast clouds
560,Natal,BR,-5.795,-35.2094,79.02,94,40,2.3,scattered clouds
561,Matadi,CD,-5.8167,13.45,75.81,96,100,1.59,overcast clouds
562,Yulara,AU,-25.2406,130.9889,96.64,11,47,5.75,scattered clouds
563,Los Llanos De Aridane,ES,28.6585,-17.9182,60.55,77,0,6.91,clear sky
564,Haines Junction,CA,60.7522,-137.5108,10.35,56,100,4.61,overcast clouds
565,Port Shepstone,ZA,-30.7414,30.455,70.93,83,99,14.79,moderate rain
566,Javanrud,IR,34.7961,46.5172,39.31,49,1,1.05,clear sky
567,Ust-Maya,RU,60.4167,134.5333,10.36,83,100,1.3,overcast clouds
568,Dongsheng,CN,39.8161,109.9776,51.66,16,0,17.76,clear sky
569,Adre,TD,13.4667,22.2,69.19,17,23,15.97,few clouds
570,Sombrerete,MX,23.6333,-103.65,49.37,20,4,7.9,clear sky
571,Hambantota,LK,6.1241,81.1185,82.74,78,20,4.61,few clouds
572,Hong Gai,VN,20.956,107.0946,75.11,66,18,5.01,few clouds
573,Camopi,GF,3.1655,-52.3158,72.46,99,100,1.77,overcast clouds
574,Awbari,LY,26.5921,12.7805,52.88,23,0,8.66,clear sky
575,Mbandaka,CD,0.0487,18.2603,72.27,91,100,3.24,overcast clouds
576,Olenino,RU,56.2092,33.4889,23.27,98,87,5.55,overcast clouds
577,Locri,IT,38.2414,16.2623,47.32,81,31,4.36,scattered clouds
578,Arlit,NE,18.7369,7.3853,65.23,10,0,7.34,clear sky
579,Bardiyah,LY,31.7561,25.0865,48.33,58,11,8.28,few clouds
580,Batagay,RU,67.6333,134.6333,-5.06,90,100,3.42,overcast clouds
581,Grand Gaube,MU,-20.0064,57.6608,82.38,80,100,7.0,overcast clouds
582,Bhadrachalam,IN,17.6667,80.8833,90.18,28,76,3.67,broken clouds
583,Puerto Del Rosario,ES,28.5004,-13.8627,64.15,77,75,13.8,broken clouds
584,Ust-Tsilma,RU,65.441,52.1498,1.83,100,90,2.3,overcast clouds
585,Viedma,AR,-40.8135,-62.9967,69.84,39,75,9.44,broken clouds
586,Groningen,NL,53.25,6.75,51.22,71,100,4.61,overcast clouds
587,Padang,ID,-0.9492,100.3543,84.25,83,97,3.67,overcast clouds
588,Matagami,CA,49.7502,-77.6328,12.31,92,100,0.0,overcast clouds
589,Bulungu,CD,-4.55,18.6,68.74,96,100,2.15,overcast clouds
590,Sompeta,IN,18.9333,84.6,87.37,33,22,4.14,few clouds
591,Kalevala,RU,65.2,31.1667,27.14,98,89,3.0,overcast clouds
592,Iquitos,PE,-3.7481,-73.2472,71.64,100,100,6.91,overcast clouds
593,Saint-Denis,FR,48.9167,2.3333,45.1,89,0,5.75,clear sky
594,Pisco,PE,-13.7,-76.2167,69.85,78,0,4.61,clear sky
595,Broome,US,42.2506,-75.833,28.45,74,100,8.05,overcast clouds
596,Korsakovo,RU,53.2677,37.3569,26.2,96,99,11.88,light snow
597,Maunabo,PR,18.0072,-65.8993,76.69,79,9,13.98,clear sky
598,Whitianga,NZ,-36.8333,175.7,72.63,57,38,4.68,scattered clouds
599,Ondjiva,AO,-17.0667,15.7333,64.49,90,80,6.64,broken clouds
600,Otane,NZ,-39.8833,176.6333,63.01,71,100,7.0,light rain
601,Barabai,ID,-2.5833,115.3833,93.2,50,71,1.21,broken clouds
602,Batabano,CU,22.7164,-82.2881,69.73,71,96,17.34,overcast clouds
603,Pangody,RU,65.85,74.4859,-0.89,99,95,6.87,overcast clouds
604,Ruteng,ID,-8.6136,120.4721,72.84,78,74,0.6,broken clouds
605,Bonavista,CA,48.6499,-53.1147,23.49,68,100,30.78,light snow
606,Kirakira,SB,-10.4544,161.9205,85.14,70,28,5.41,scattered clouds
607,Passo De Camaragibe,BR,-9.2368,-35.4901,76.55,89,69,1.07,broken clouds
608,Paamiut,GL,61.994,-49.6678,28.27,89,100,8.68,light snow
609,Adrar,MR,20.5022,-10.0711,63.97,26,0,10.29,clear sky
610,Xinqing,CN,48.2333,129.5,28.45,62,100,5.57,overcast clouds
611,Jucurutu,BR,-6.0339,-37.0203,77.2,87,97,4.32,overcast clouds
612,Gubkinskiy,RU,64.434,76.5026,0.0,90,91,9.24,overcast clouds
613,Dukat,RU,62.55,155.55,6.04,88,79,2.89,broken clouds
614,Palestine,PS,31.9216,35.2033,39.63,83,34,10.96,scattered clouds
615,Panama City,PA,8.9936,-79.5197,78.75,81,20,9.22,few clouds
616,Olivenza,ES,38.6832,-7.103,47.32,74,100,4.59,overcast clouds
617,Tres Arroyos,AR,-38.3739,-60.2798,58.53,69,1,7.94,clear sky
618,Kununurra,AU,-15.7667,128.7333,91.38,55,12,3.44,few clouds
619,Chaumont,FR,48.1167,5.1333,40.37,95,83,7.63,broken clouds
620,Santa Cruz De La Palma,ES,28.6835,-17.7642,64.54,63,0,6.91,clear sky
621,Laguna,US,38.421,-121.4238,59.45,54,0,8.05,clear sky
622,Port-Gentil,GA,-0.7193,8.7815,81.1,77,99,4.27,light rain
623,Saint-Francois,FR,46.4154,3.9054,33.67,93,0,3.44,clear sky
624,Aqtobe,KZ,50.2797,57.2072,6.89,78,75,2.24,broken clouds
625,Huarmey,PE,-10.0681,-78.1522,73.08,79,99,5.61,overcast clouds
626,Xai-Xai,MZ,-25.0519,33.6442,72.54,87,0,8.72,clear sky
627,Havelock,US,34.8791,-76.9013,46.96,70,0,5.75,clear sky
628,Sambava,MG,-14.2667,50.1667,75.96,82,94,7.14,overcast clouds
629,Dingzhou,CN,38.5131,114.9956,59.11,13,0,5.26,clear sky
630,Lubao,PH,14.9167,120.55,91.47,51,39,7.05,scattered clouds
631,Dokri,PK,27.3743,68.0967,91.78,16,0,5.46,clear sky
632,Myitkyina,MM,25.3833,97.4,92.19,19,84,2.84,broken clouds
633,Buzdyak,RU,54.5833,54.55,6.17,94,95,5.12,overcast clouds
634,Sangar,RU,63.9242,127.4739,-0.54,90,100,5.14,overcast clouds
635,Pasni,PK,25.2631,63.471,78.03,55,5,7.72,clear sky
636,Chokwe,MZ,-24.5333,32.9833,70.72,85,0,4.68,clear sky
637,Tanout,NE,14.9709,8.8879,64.76,11,35,13.62,scattered clouds
638,Mandalgovi,MN,45.7625,106.2708,42.98,25,76,17.36,broken clouds
639,Isla Vista,US,34.4133,-119.861,63.91,61,0,1.99,clear sky
640,Roald,NO,62.5833,6.1333,46.54,36,100,6.91,overcast clouds
641,Pio Ix,BR,-6.8375,-40.5792,70.97,86,56,4.99,broken clouds
642,Capaci,IT,38.1711,13.2393,53.2,82,40,2.3,scattered clouds
643,Wohlen,CH,47.3524,8.2788,46.54,83,100,11.01,overcast clouds
644,Tazovskiy,RU,67.4667,78.7,-7.44,100,100,6.24,overcast clouds
645,Saint Anthony,US,45.0205,-93.218,37.29,66,100,3.44,overcast clouds
646,Gamba,GA,-2.65,10.0,75.87,92,90,4.47,light rain
647,Pitimbu,BR,-7.4706,-34.8086,77.59,79,78,7.74,broken clouds
648,Camacupa,AO,-12.0167,17.4833,62.08,94,100,1.23,overcast clouds
649,Flin Flon,CA,54.7682,-101.865,0.05,88,70,7.54,broken clouds
650,Charters Towers,AU,-20.1,146.2667,89.83,37,89,12.95,overcast clouds
651,Paka,MY,4.6374,103.4368,84.13,79,40,6.91,scattered clouds
652,Karratha,AU,-20.7377,116.8463,96.71,40,0,10.04,clear sky
653,Fairfield,US,41.2668,-73.3162,30.2,70,20,10.36,few clouds
654,Sabha,LY,27.0377,14.4283,53.28,27,0,10.94,clear sky
655,Anuradhapura,LK,8.3565,80.4173,83.55,58,100,8.21,overcast clouds
656,Lewistown,US,40.5992,-77.5714,32.34,100,75,0.0,broken clouds
657,Kensington,AU,-33.9167,151.2167,75.0,86,75,3.44,light intensity shower rain
658,Kushiro,JP,42.975,144.3747,34.75,80,75,10.36,broken clouds
659,Noumea,NC,-22.2763,166.4572,84.0,99,100,6.85,light rain
660,Dutlwe,BW,-23.9833,23.9,70.07,54,93,2.71,overcast clouds
661,Naberera,TZ,-4.2,36.9333,61.2,93,39,1.99,scattered clouds
662,General Roca,AR,-39.0333,-67.5833,67.62,29,17,10.11,few clouds
663,Banda Aceh,ID,5.5577,95.3222,84.09,72,90,8.93,overcast clouds
664,Emerald,AU,-23.5333,148.1667,88.34,30,75,8.05,broken clouds
665,Neuquen,AR,-38.9516,-68.0591,62.49,82,0,2.3,clear sky
666,Poum,NC,-20.2333,164.0167,81.75,77,65,8.39,broken clouds
667,Rostock,DE,54.0887,12.1405,38.95,47,0,10.98,clear sky
668,Ukiah,US,39.1502,-123.2078,55.29,60,0,0.0,clear sky
669,Victor Harbor,AU,-35.5667,138.6167,78.35,46,64,10.83,broken clouds
670,Boke,GN,10.9409,-14.2967,68.7,96,65,1.79,broken clouds
671,Tessalit,ML,20.1986,1.0114,69.82,11,0,10.6,clear sky
672,Loja,EC,-3.9931,-79.2042,56.25,95,93,0.92,light rain
673,Ewa Beach,US,21.3156,-158.0072,82.35,57,100,17.27,overcast clouds
674,Quarai,BR,-30.3875,-56.4514,60.58,81,65,4.92,broken clouds
675,Owo,NG,7.1962,5.5868,73.71,94,100,2.26,overcast clouds
676,Kovdor,RU,67.5662,30.4758,30.11,92,97,2.04,overcast clouds
677,Sumbe,AO,-11.2061,13.8437,77.58,87,100,2.71,overcast clouds
678,Shimoda,JP,34.6667,138.95,74.1,70,7,17.78,clear sky
679,Omboue,GA,-1.5746,9.2618,78.1,85,93,2.21,light rain
680,Maubeuge,FR,50.2788,3.9727,46.85,36,100,3.0,overcast clouds
681,Kirkuk,IQ,35.4681,44.3922,47.14,54,100,0.98,overcast clouds
682,Teya,RU,60.3778,92.6267,3.65,83,55,1.23,broken clouds
683,Opuwo,NA,-18.0607,13.84,62.67,88,100,5.19,overcast clouds
684,Khaniotis,GR,39.9991,23.58,41.05,65,54,5.66,broken clouds
685,Zhifang,CN,30.35,114.3167,75.18,59,44,12.55,scattered clouds
686,Karpathos,GR,35.507,27.2132,48.16,49,25,12.66,scattered clouds
687,Saint-Georges,GD,12.0564,-61.7485,78.48,73,40,8.05,scattered clouds
688,Methoni,GR,36.8197,21.7049,46.22,71,95,10.31,overcast clouds
689,Zeya,RU,53.75,127.2667,22.89,64,73,3.42,broken clouds
690,Teknaf,BD,20.8624,92.3058,87.62,29,67,4.18,broken clouds
691,Mount Gambier,AU,-37.8333,140.7667,80.51,50,100,8.05,overcast clouds
692,Yantongshan,CN,43.2919,126.0094,34.02,98,100,6.06,snow
693,Nchelenge,ZM,-9.3451,28.734,68.02,91,99,2.73,light rain
694,Hemsedal,NO,60.8629,8.5534,17.17,78,100,3.44,overcast clouds
695,Nanortalik,GL,60.1432,-45.2371,29.28,88,100,16.55,snow
696,Tombouctou,ML,20.0,-3.0,70.41,8,0,8.5,clear sky
697,Mingguang,CN,32.7802,117.9638,74.07,49,65,14.94,broken clouds
698,Sorland,NO,67.667,12.6934,40.23,77,100,13.67,overcast clouds
699,Farafangana,MG,-22.8167,47.8333,76.53,84,75,4.09,light rain
700,Parkersburg,US,39.2667,-81.5615,38.17,64,0,4.61,clear sky
701,Ketchikan,US,55.3422,-131.6461,40.98,87,100,10.36,light rain
702,Santa Maria,BR,-29.6842,-53.8069,63.7,100,100,5.75,light intensity drizzle
703,Jacareacanga,BR,-6.2222,-57.7528,72.9,99,100,1.23,overcast clouds
704,Biltine,TD,14.5333,20.9167,73.27,15,16,13.47,few clouds
705,Dingle,PH,10.9995,122.6711,88.43,60,78,8.99,broken clouds
706,Berezovyy,RU,51.6667,135.7,27.12,82,86,2.68,overcast clouds
707,Auki,SB,-8.7676,160.7034,85.73,66,80,3.96,broken clouds
